full_ID,ID,year,date,month,season,river,site,sample,ref,type,10_0,12_0,13_0,14_0,16_0,17_0,18_0,19_0,20_0,10_0_2oh,11_0_2oh,11_0_3oh,11_0_anteiso,12_0_anteiso,12_0_3oh,12_1_3oh,13_0_anteiso,13_0_iso,13_0_2oh,13_1_at_12_13,14_0_anteiso,14_0_iso,14_0_iso_3oh,14_1_w5c,15_0_2oh,15_0_anteiso,15_0_iso,15_0_iso_3oh,15_1_iso_g,15_1_iso_w9c,15_1_w5c,15_1_w8c,16_0_anteiso,16_0_n_alcohol,16_0_iso,16_0_iso_3oh,16_0_2oh,16_1_2oh,16_1_iso_h,16_1_w5c,16_1_w7c_alcohol,16_1_w9c,16_1_w11c,17_0_anteiso,17_0_cyclo,17_0_iso,17_0_3oh,17_0_10_methyl,17_1_anteiso_a,17_1_anteiso_w9c,17_1_w6c,17_1_w8c,18_0_iso,18_0_2oh,18_1_2oh,18_1_w5c,18_1_w7c_11_methyl,18_1_w9c,18_3_w6c_6_9_12,19_0_anteiso,19_0_cyclo_w8c,19_0_iso,20_0_iso,20_1_w7c,20_1_w9c,20_4_w6_9_12_15c,20_2_w6_9c,x16_1_w7c_16_1_w6c,x17_1_iso_i_anteiso_b,x18_0_ante_18_2_w6_9c,x19_1_w11c_19_1_w9c,x19_1_w7c_19_1_w6c,x18_1_w7c_18_1_w6c,x16_0_10_methyl_17_1_iso_w9c
2021-03-01-3-PX-4,3-PX-4,2021,1/03/2021,March,winter,PX,PX4,sediment,13,relative,NA,0.48,NA,0.59,9.42,NA,17.11,23.86,0.41,NA,0.17,NA,NA,0.42,NA,NA,1.47,NA,NA,NA,1.94,0.38,NA,NA,0.11,1.91,1.08,NA,0.64,0.15,0.5,NA,1.16,NA,1.84,0.44,NA,NA,1.59,NA,0.48,NA,NA,3.82,1.66,4.93,NA,NA,7.28,NA,NA,1.05,NA,NA,NA,NA,NA,NA,NA,NA,1.68,NA,3.2,1.19,NA,4.92,NA,NA,NA,NA,NA,2.79,1.34,NA
2021-03-01-3-PX-4,3-PX-4,2021,1/03/2021,March,winter,PX,PX4,sediment,13,absolute,NA,0.201173512,NA,0.247275775,3.948030176,NA,7.170997485,10,0.171835708,NA,7.12E-02,NA,NA,0.176026823,NA,NA,0.616093881,NA,NA,NA,0.813076278,0.159262364,NA,NA,4.61E-02,0.800502934,0.452640402,NA,0.26823135,6.29E-02,0.209555742,NA,0.486169321,NA,0.77116513,0.184409053,NA,NA,0.666387259,NA,0.201173512,NA,NA,1.601005868,0.695725063,2.066219614,NA,NA,3.051131601,NA,NA,0.440067058,NA,NA,NA,NA,NA,NA,NA,NA,0.704107293,NA,1.341156748,0.498742666,NA,2.0620285,NA,NA,NA,NA,NA,1.169321039,0.561609388,NA
2021-03-01-3-PX-5,3-PX-5,2021,1/03/2021,March,winter,PX,PX5,sediment,14,relative,NA,0.22,0.06,1,17.79,0.81,15.79,13.94,0.43,NA,0.2,NA,0.23,0.58,NA,NA,1.03,0.18,NA,NA,0.85,0.58,0.1,0.32,NA,1.81,2.42,NA,0.87,NA,0.42,NA,NA,NA,1.39,0.11,NA,NA,1.11,0.69,0.33,0.33,NA,2.13,1.66,2.9,NA,NA,3.77,NA,NA,0.81,NA,NA,0.35,NA,NA,1.17,NA,NA,1.65,NA,1.67,0.56,0.4,2.84,NA,1.99,NA,0.57,NA,1.37,3.89,8.68
2021-03-01-3-PX-5,3-PX-5,2021,1/03/2021,March,winter,PX,PX5,sediment,14,absolute,NA,0.157819225,4.30E-02,0.717360115,12.76183644,0.581061693,11.32711621,10,0.308464849,NA,0.143472023,NA,0.164992826,0.416068867,NA,NA,0.738880918,0.129124821,NA,NA,0.609756098,0.416068867,7.17E-02,0.229555237,NA,1.298421808,1.736011478,NA,0.6241033,NA,0.301291248,NA,NA,NA,0.99713056,7.89E-02,NA,NA,0.796269727,0.494978479,0.236728838,0.236728838,NA,1.527977044,1.190817791,2.080344333,NA,NA,2.704447633,NA,NA,0.581061693,NA,NA,0.25107604,NA,NA,0.839311334,NA,NA,1.183644189,NA,1.197991392,0.401721664,0.286944046,2.037302726,NA,1.427546628,NA,0.408895265,NA,0.982783357,2.790530846,6.226685796
2021-03-01-3-PX-6,3-PX-6,2021,1/03/2021,March,winter,PX,PX6,sediment,15,relative,NA,0.15,NA,0.92,15.8,0.86,12.86,15.77,0.42,NA,0.13,NA,0.09,0.31,NA,NA,0.8,0.1,NA,NA,0.94,0.49,0.13,0.23,0.12,2.02,2.24,NA,0.8,NA,0.4,NA,NA,NA,1.28,0.14,NA,NA,1.08,0.68,0.32,0.37,NA,1.97,1.48,2.88,NA,NA,3.85,NA,NA,1.01,NA,NA,0.26,3.61,NA,1.22,NA,NA,1.41,NA,1.65,0.62,NA,4.01,NA,1.99,NA,0.43,0.62,1.3,3.88,8.36
2021-03-01-3-PX-6,3-PX-6,2021,1/03/2021,March,winter,PX,PX6,sediment,15,absolute,NA,9.51E-02,NA,0.583386176,10.01902346,0.545339252,8.15472416,10,0.266328472,NA,8.24E-02,NA,5.71E-02,0.196575777,NA,NA,0.507292327,6.34E-02,NA,NA,0.596068484,0.31071655,8.24E-02,0.145846544,7.61E-02,1.280913126,1.420418516,NA,0.507292327,NA,0.253646164,NA,NA,NA,0.811667724,8.88E-02,NA,NA,0.684844642,0.431198478,0.202916931,0.234622701,NA,1.249207356,0.938490805,1.826252378,NA,NA,2.441344325,NA,NA,0.640456563,NA,NA,0.164870006,2.289156627,NA,0.773620799,NA,NA,0.894102727,NA,1.046290425,0.393151554,NA,2.54280279,NA,1.261889664,NA,0.272669626,0.393151554,0.824350032,2.460367787,5.301204819
2021-03-01-3-MD-2,3-MD-2,2021,1/03/2021,March,winter,MD,MD2,sediment,16,relative,NA,0.19,NA,0.82,13.75,0.8,14.41,16.81,0.44,NA,0.12,NA,0.09,0.27,NA,NA,0.51,0.12,NA,0.08,NA,0.46,NA,NA,0.12,1.76,2.13,NA,0.69,NA,0.42,NA,0.38,NA,1.18,0.12,NA,NA,1.06,0.78,0.36,0.35,NA,2.04,1.4,2.9,NA,NA,3.63,NA,NA,NA,0.73,NA,0.35,4.65,NA,1.38,NA,NA,1.46,NA,1.35,0.45,NA,3.97,NA,2.5,NA,0.37,NA,1.21,4.29,9.1
2021-03-01-3-MD-2,3-MD-2,2021,1/03/2021,March,winter,MD,MD2,sediment,16,absolute,NA,0.11302796,NA,0.487804878,8.179654967,0.475907198,8.572278406,10,0.261748959,NA,7.14E-02,NA,5.35E-02,0.160618679,NA,NA,0.303390839,7.14E-02,NA,4.76E-02,NA,0.273646639,NA,NA,7.14E-02,1.046995836,1.267102915,NA,0.410469958,NA,0.249851279,NA,0.226055919,NA,0.701963117,7.14E-02,NA,NA,0.630577037,0.464009518,0.214158239,0.208209399,NA,1.213563355,0.832837597,1.725163593,NA,NA,2.159428911,NA,NA,NA,0.434265318,NA,0.208209399,2.766210589,NA,0.820939917,NA,NA,0.868530637,NA,0.803093397,0.267697799,NA,2.361689471,NA,1.487209994,NA,0.220107079,NA,0.719809637,2.55205235,5.413444378
2021-03-01-3-MD-3,3-MD-3,2021,1/03/2021,March,winter,MD,MD3,sediment,17,relative,NA,0.13,NA,0.92,10.56,0.82,9.93,15.12,0.39,NA,0.15,NA,0.15,0.41,NA,0.1,0.92,0.12,NA,0.09,1.04,0.58,0.08,0.26,NA,2.46,2.59,0.42,0.72,NA,0.45,NA,0.51,NA,1.56,0.13,NA,0.23,1.05,1.2,0.31,0.5,NA,2.11,1.7,2.86,NA,NA,NA,3.6,NA,0.89,NA,NA,0.25,4.21,1.62,2.11,NA,NA,1.88,NA,1.26,0.4,NA,2.79,NA,4.11,NA,0.8,NA,1.21,5.51,8.8
2021-03-01-3-MD-3,3-MD-3,2021,1/03/2021,March,winter,MD,MD3,sediment,17,absolute,NA,8.60E-02,NA,0.608465608,6.984126984,0.542328042,6.567460317,10,0.257936508,NA,9.92E-02,NA,9.92E-02,0.271164021,NA,6.61E-02,0.608465608,7.94E-02,NA,5.95E-02,0.687830688,0.383597884,5.29E-02,0.171957672,NA,1.626984127,1.712962963,0.277777778,0.476190476,NA,0.297619048,NA,0.337301587,NA,1.031746032,8.60E-02,NA,0.152116402,0.694444444,0.793650794,0.205026455,0.330687831,NA,1.395502646,1.124338624,1.891534392,NA,NA,NA,2.380952381,NA,0.588624339,NA,NA,0.165343915,2.784391534,1.071428571,1.395502646,NA,NA,1.243386243,NA,0.833333333,0.264550265,NA,1.845238095,NA,2.718253968,NA,0.529100529,NA,0.80026455,3.644179894,5.82010582
2021-03-01-3-MD-4,3-MD-4,2021,1/03/2021,March,winter,MD,MD4,sediment,18,relative,NA,0.14,NA,0.86,18.96,0.76,15.62,12.21,0.43,NA,0.08,NA,NA,0.24,NA,NA,0.54,0.09,NA,NA,0.44,0.47,NA,0.23,NA,1.59,2.16,0.19,0.64,NA,0.42,NA,NA,NA,1.09,0.15,NA,NA,0.94,0.85,0.29,0.46,NA,2,1.53,2.73,NA,NA,3.58,NA,NA,0.71,NA,NA,0.31,3.47,2.22,1.65,NA,NA,1.7,NA,1.12,NA,NA,2.29,NA,2.6,NA,0.52,NA,1.23,3.81,8.7
2021-03-01-3-MD-4,3-MD-4,2021,1/03/2021,March,winter,MD,MD4,sediment,18,absolute,NA,0.114660115,NA,0.704340704,15.52825553,0.622440622,12.79279279,10,0.352170352,NA,6.55E-02,NA,NA,0.196560197,NA,NA,0.442260442,7.37E-02,NA,NA,0.36036036,0.384930385,NA,0.188370188,NA,1.302211302,1.769041769,0.155610156,0.524160524,NA,0.343980344,NA,NA,NA,0.892710893,0.122850123,NA,NA,0.76986077,0.696150696,0.237510238,0.376740377,NA,1.638001638,1.253071253,2.235872236,NA,NA,2.932022932,NA,NA,0.581490581,NA,NA,0.253890254,2.841932842,1.818181818,1.351351351,NA,NA,1.392301392,NA,0.917280917,NA,NA,1.875511876,NA,2.129402129,NA,0.425880426,NA,1.007371007,3.12039312,7.125307125
2021-05-09-5-PX-4,5-PX-4,2021,9/05/2021,May,spring,PX,PX4,sediment,4,relative,NA,0.31,NA,1.07,20.48,1.21,10.7,26.17,0.32,NA,0.28,0.48,NA,0.48,NA,NA,0.75,0.31,0.85,NA,0.96,0.49,NA,NA,NA,1.43,1.65,NA,0.85,NA,0.6,NA,0.57,NA,0.88,0.29,0.28,0.31,1.14,0.76,0.39,NA,NA,2.42,1.26,3.03,NA,NA,5.02,NA,NA,NA,NA,0.26,NA,0.55,NA,1.28,0.85,NA,0.87,NA,0.77,NA,NA,0.71,NA,2.71,NA,0.77,1.05,1.28,3.16,NA
2021-05-09-5-PX-4,5-PX-4,2021,9/05/2021,May,spring,PX,PX4,sediment,4,absolute,NA,0.118456248,NA,0.408865113,7.825754681,0.462361483,4.088651127,10,0.122277417,NA,0.10699274,0.183416125,NA,0.183416125,NA,NA,0.286587696,0.118456248,0.324799389,NA,0.366832251,0.187237295,NA,NA,NA,0.546427207,0.630492931,NA,0.324799389,NA,0.229270157,NA,0.217806649,NA,0.336262896,0.110813909,0.10699274,0.118456248,0.435613298,0.290408865,0.149025602,0,NA,0.924722965,0.481467329,1.157814291,NA,NA,1.918226977,NA,NA,NA,NA,9.94E-02,NA,0.21016431,NA,0.489109668,0.324799389,NA,0.332441727,NA,0.294230034,NA,NA,0.271303019,NA,1.035536874,NA,0.294230034,0.401222774,0.489109668,1.207489492,NA
2021-05-09-5-PX-5,5-PX-5,2021,9/05/2021,May,spring,PX,PX5,sediment,5,relative,NA,0.1,NA,1.75,20.76,1.12,9.83,15.15,0.48,NA,NA,0.17,NA,NA,NA,NA,0.19,0.16,0.41,NA,0.4,0.66,NA,NA,NA,1.88,2.47,0.61,0.73,NA,0.44,NA,0.5,NA,1.05,0.37,0.14,0.33,0.94,1.34,0.32,0.49,NA,1.84,1.55,2.66,NA,NA,3.12,NA,NA,1.09,NA,0.42,0.35,1.03,0.41,2.82,NA,NA,1.14,NA,0.55,NA,0.53,0.94,NA,5.06,NA,NA,NA,0.88,4.24,8.58
2021-05-09-5-PX-5,5-PX-5,2021,9/05/2021,May,spring,PX,PX5,sediment,5,absolute,NA,6.60E-02,NA,1.155115512,13.7029703,0.739273927,6.488448845,10,0.316831683,NA,NA,0.112211221,NA,NA,NA,NA,0.125412541,0.105610561,0.270627063,NA,0.264026403,0.435643564,NA,NA,NA,1.240924092,1.630363036,0.402640264,0.481848185,NA,0.290429043,NA,0.330033003,NA,0.693069307,0.244224422,9.24E-02,0.217821782,0.620462046,0.884488449,0.211221122,0.323432343,NA,1.214521452,1.02310231,1.755775578,NA,NA,2.059405941,NA,NA,0.719471947,NA,0.277227723,0.231023102,0.679867987,0.270627063,1.861386139,NA,NA,0.752475248,NA,0.363036304,NA,0.349834983,0.620462046,NA,3.339933993,NA,NA,NA,0.580858086,2.798679868,5.663366337
2021-05-09-5-PX-6,5-PX-6,2021,9/05/2021,May,spring,PX,PX6,sediment,6,relative,NA,0.11,NA,1.54,19.34,1.08,9.71,17.48,0.39,NA,NA,NA,NA,0.12,NA,NA,0.17,0.17,0.42,NA,0.38,0.63,0.24,NA,NA,1.63,2.16,0.7,0.7,0.18,0.48,NA,0.55,NA,0.92,0.33,0.29,NA,0.94,1.76,0.37,0.88,NA,1.91,1.38,2.46,NA,NA,3.28,NA,NA,1.01,NA,NA,0.35,1.18,NA,2.46,0.92,NA,0.93,NA,0.7,NA,0.54,1.78,NA,5.07,NA,NA,NA,0.89,4.57,6.89
2021-05-09-5-PX-6,5-PX-6,2021,9/05/2021,May,spring,PX,PX6,sediment,6,absolute,NA,6.29E-02,NA,0.881006865,11.06407323,0.61784897,5.554919908,10,0.223112128,NA,NA,NA,NA,6.86E-02,NA,NA,9.73E-02,9.73E-02,0.2402746,NA,0.217391304,0.360411899,0.137299771,NA,NA,0.932494279,1.235697941,0.400457666,0.400457666,0.102974828,0.274599542,NA,0.314645309,NA,0.526315789,0.188787185,0.16590389,NA,0.537757437,1.006864989,0.211670481,0.503432494,NA,1.092677346,0.789473684,1.407322654,NA,NA,1.876430206,NA,NA,0.577803204,NA,NA,0.200228833,0.675057208,NA,1.407322654,0.526315789,NA,0.532036613,NA,0.400457666,NA,0.308924485,1.018306636,NA,2.900457666,NA,NA,NA,0.509153318,2.614416476,3.941647597
2021-05-10-5-PX-4,5-PX-4,2021,10/05/2021,May,spring,PX,PX4,sediment,7,relative,NA,0.31,NA,1.26,21.88,1.37,15.59,27.08,0.28,NA,NA,0.33,NA,NA,NA,NA,0.21,0.21,0.55,NA,NA,0.47,NA,NA,NA,0.67,0.87,NA,0.45,0.14,0.36,NA,0.76,NA,0.51,0.25,0.1,0.39,0.93,0.31,0.3,NA,NA,3.8,1.12,3.14,NA,NA,5.15,NA,NA,NA,NA,NA,0.72,NA,NA,0.54,1.88,NA,0.64,NA,0.97,NA,NA,2.02,NA,0.95,NA,NA,NA,1.78,1.67,NA
2021-05-10-5-PX-4,5-PX-4,2021,10/05/2021,May,spring,PX,PX4,sediment,7,absolute,NA,0.114475628,NA,0.465288035,8.079763663,0.505908419,5.757016248,10,0.103397341,NA,NA,0.121861152,NA,NA,NA,NA,7.75E-02,7.75E-02,0.20310192,NA,NA,0.173559823,NA,NA,NA,0.247415066,0.32127031,NA,0.166174298,5.17E-02,0.132939439,NA,0.280649926,NA,0.188330871,9.23E-02,3.69E-02,0.144017725,0.343426883,0.114475628,0.110782866,NA,NA,1.403249631,0.413589365,1.159527326,NA,NA,1.901772526,NA,NA,NA,NA,NA,0.265878877,NA,NA,0.199409158,0.694239291,NA,0.23633678,NA,0.358197932,NA,NA,0.745937962,NA,0.350812408,NA,NA,NA,0.657311669,0.616691285,NA
2021-05-10-5-PX-5,5-PX-5,2021,10/05/2021,May,spring,PX,PX5,sediment,8,relative,NA,0.24,NA,1.07,23.6,1.13,16.34,23.08,0.41,NA,0.14,0.34,NA,0.22,NA,NA,0.32,0.27,0.54,0.2,0.45,0.54,NA,0.22,NA,0.98,1.27,NA,0.46,0.14,0.37,NA,0.61,NA,0.68,0.25,NA,NA,0.84,0.5,0.3,NA,NA,2.06,1.04,2.43,NA,NA,3.84,NA,NA,0.76,NA,0.11,0.31,1.77,NA,1.29,1.34,NA,0.74,NA,0.74,NA,NA,1.6,NA,2.47,NA,0.44,NA,1.02,2.52,NA
2021-05-10-5-PX-5,5-PX-5,2021,10/05/2021,May,spring,PX,PX5,sediment,8,absolute,NA,0.103986135,NA,0.463604853,10.22530329,0.489601386,7.079722704,10,0.177642981,NA,6.07E-02,0.147313692,NA,9.53E-02,NA,NA,0.13864818,0.116984402,0.233968804,8.67E-02,0.194974003,0.233968804,NA,9.53E-02,NA,0.424610052,0.550259965,NA,0.199306759,6.07E-02,0.160311958,NA,0.264298094,NA,0.294627383,0.108318891,NA,NA,0.363951473,0.216637782,0.129982669,NA,NA,0.89254766,0.450606586,1.052859619,NA,NA,1.663778163,NA,NA,0.329289428,NA,4.77E-02,0.134315425,0.766897747,NA,0.558925477,0.580589255,NA,0.320623917,NA,0.320623917,NA,NA,0.693240901,NA,1.070190641,NA,0.190641248,NA,0.441941075,1.091854419,NA
2021-05-10-5-PX-6,5-PX-6,2021,10/05/2021,May,spring,PX,PX6,sediment,9,relative,NA,0.15,0.09,1.38,21.27,0.8,11.61,11.47,0.33,NA,NA,0.14,NA,0.11,0.1,NA,0.19,0.15,0.26,NA,0.22,0.69,NA,0.13,NA,1.84,2.6,0.52,0.74,NA,0.34,NA,0.34,7.00E-02,0.98,0.19,0.16,0.13,0.66,1.91,0.18,0.83,NA,1.46,1.87,1.97,NA,NA,NA,2.26,NA,0.88,1.41,NA,0.19,2.26,1.17,3.05,NA,NA,1.09,NA,0.54,0.19,0.49,1.52,NA,6.7,NA,NA,NA,0.5,5.67,6.19
2021-05-10-5-PX-6,5-PX-6,2021,10/05/2021,May,spring,PX,PX6,sediment,9,absolute,NA,0.130775937,7.85E-02,1.203138622,18.5440279,0.697471665,10.12205754,10,0.287707062,NA,NA,0.122057541,NA,9.59E-02,8.72E-02,NA,0.16564952,0.130775937,0.226678291,NA,0.191804708,0.601569311,NA,0.113339146,NA,1.60418483,2.266782912,0.453356582,0.64516129,NA,0.296425458,NA,0.296425458,6.10E-02,0.85440279,0.16564952,0.139494333,0.113339146,0.575414124,1.665213601,0.156931125,0.723626853,NA,1.272885789,1.630340017,1.717523976,NA,NA,NA,1.970357454,NA,0.767218832,1.22929381,0,0.16564952,1.970357454,1.02005231,2.659110724,NA,NA,0.950305144,NA,0.470793374,0.16564952,0.427201395,1.325196164,NA,5.841325196,NA,NA,NA,0.435919791,4.943330427,5.39668701
2021-05-11-5-PX-4,5-PX-4,2021,11/05/2021,May,spring,PX,PX4,sediment,10,relative,NA,0.32,NA,1.2,15.38,1.45,15.62,22.79,0.33,0.28,0.27,NA,NA,0.31,0.14,NA,0.41,0.12,0.56,NA,0.56,NA,NA,NA,0.13,0.83,1,NA,0.54,0.2,0.42,NA,0.83,0.19,0.59,NA,0.41,NA,1.01,0.23,0.32,NA,NA,2.56,1.22,3.73,NA,NA,5.6,NA,NA,NA,NA,0.35,0.61,NA,NA,0.41,2.28,NA,NA,8.32,NA,NA,NA,1.76,NA,0.82,NA,NA,1.21,2.88,1.8,NA
2021-05-11-5-PX-4,5-PX-4,2021,11/05/2021,May,spring,PX,PX4,sediment,10,absolute,NA,0.140412462,NA,0.526546731,6.748573936,0.636243967,6.853883282,10,0.144800351,0.122860904,0.118473014,NA,NA,0.136024572,6.14E-02,NA,0.179903466,5.27E-02,0.245721808,NA,0.245721808,NA,NA,NA,5.70E-02,0.364194822,0.438788943,NA,0.236946029,8.78E-02,0.184291356,NA,0.364194822,8.34E-02,0.258885476,NA,0.179903466,NA,0.443176832,0.100921457,0.140412462,NA,NA,1.123299693,0.53532251,1.636682756,NA,NA,2.457218078,NA,NA,NA,0,0.15357613,0.267661255,NA,NA,0.179903466,1.000438789,NA,NA,3.650724002,NA,NA,NA,0.772268539,NA,0.359806933,NA,NA,0.53093462,1.263712154,0.789820097,NA
2021-05-11-5-PX-5,5-PX-5,2021,11/05/2021,May,spring,PX,PX5,sediment,11,relative,NA,0.11,NA,1.53,20.91,1.45,11.76,16.73,0.3,NA,NA,0.13,NA,0.11,NA,NA,0.23,0.12,0.36,NA,0.34,0.58,NA,NA,NA,1.4,1.94,0.54,0.63,NA,0.32,NA,0.38,NA,0.76,0.32,NA,NA,0.68,1.15,0.21,NA,NA,2,1.39,2.48,NA,NA,3.25,NA,NA,0.8,NA,NA,0.32,1.94,NA,2.28,0.91,NA,1.11,NA,0.65,NA,0.49,1.71,NA,5.34,NA,NA,NA,0.92,3.9,7.55
2021-05-11-5-PX-5,5-PX-5,2021,11/05/2021,May,spring,PX,PX5,sediment,11,absolute,NA,6.58E-02,NA,0.914524806,12.49850568,0.866706515,7.029288703,10,0.179318589,NA,NA,7.77E-02,NA,6.58E-02,NA,NA,0.137477585,7.17E-02,0.215182307,NA,0.203227735,0.346682606,NA,NA,NA,0.836820084,1.159593545,0.322773461,0.376569038,NA,0.191273162,NA,0.22713688,NA,0.45427376,0.191273162,NA,NA,0.406455469,0.687387926,0.125523013,NA,NA,1.195457262,0.830842797,1.482367005,NA,NA,1.942618051,NA,NA,0.478182905,NA,NA,0.191273162,1.159593545,NA,1.362821279,0.543933054,NA,0.663478781,NA,0.38852361,NA,0.292887029,1.022115959,NA,3.191870891,NA,NA,NA,0.549910341,2.331141662,4.512851166
2021-05-11-5-PX-6,5-PX-6,2021,11/05/2021,May,spring,PX,PX6,sediment,12,relative,NA,0.29,NA,1.03,16.25,1.01,9.07,21.86,0.38,NA,0.1,NA,NA,0.18,NA,NA,0.37,0.13,NA,NA,0.37,0.49,NA,0.15,NA,1.58,2.02,0.55,0.72,NA,0.31,NA,0.39,0.12,0.9,0.3,0.24,NA,0.59,1.5,0.16,0.66,NA,1.94,1.31,2.51,NA,NA,NA,3.91,NA,1.31,NA,NA,0.36,1.76,1.24,2.36,0.43,NA,1.13,NA,0.57,NA,0.68,1.64,NA,4.53,NA,NA,NA,0.84,4.26,7.47
2021-05-11-5-PX-6,5-PX-6,2021,11/05/2021,May,spring,PX,PX6,sediment,12,absolute,NA,0.132662397,NA,0.471180238,7.433668801,0.462031107,4.149130833,10,0.173833486,NA,4.57E-02,NA,NA,8.23E-02,NA,NA,0.16925892,5.95E-02,NA,NA,0.16925892,0.224153705,NA,6.86E-02,NA,0.722781336,0.924062214,0.251601098,0.32936871,NA,0.141811528,NA,0.178408051,5.49E-02,0.411710887,0.137236962,0.10978957,NA,0.26989936,0.686184812,7.32E-02,0.301921317,NA,0.887465691,0.59926807,1.148215919,NA,NA,NA,1.788655078,NA,0.59926807,NA,NA,0.164684355,0.805123513,0.567246112,1.079597438,0.196706313,NA,0.516925892,NA,0.260750229,NA,0.311070448,0.750228728,NA,2.072278134,NA,NA,NA,0.384263495,1.948764867,3.417200366
2021-05-12-5-PX-4,5-PX-4,2021,12/05/2021,May,spring,PX,PX4,sediment,13,relative,NA,NA,NA,1.13,21.62,1.19,15.78,17.75,0.34,NA,NA,0.22,NA,NA,NA,NA,NA,0.19,0.48,NA,NA,0.45,NA,NA,NA,0.92,1.3,0.48,0.65,NA,0.43,NA,0.46,NA,0.59,NA,NA,NA,0.73,0.67,0.25,NA,NA,2.28,1.23,3.09,NA,NA,4.43,NA,NA,NA,NA,NA,NA,2.14,NA,1.31,0.72,NA,1.09,7.1,NA,0.27,NA,1.75,1.33,2.69,NA,0.39,NA,1.25,3.32,NA
2021-05-12-5-PX-4,5-PX-4,2021,12/05/2021,May,spring,PX,PX4,sediment,13,absolute,NA,NA,NA,0.636619718,12.18028169,0.670422535,8.890140845,10,0.191549296,NA,NA,0.123943662,NA,NA,NA,NA,NA,0.107042254,0.270422535,NA,NA,0.253521127,NA,NA,NA,0.518309859,0.732394366,0.270422535,0.366197183,NA,0.242253521,NA,0.25915493,NA,0.332394366,NA,NA,NA,0.411267606,0.377464789,0.14084507,NA,NA,1.284507042,0.692957746,1.74084507,NA,NA,2.495774648,NA,NA,NA,NA,NA,NA,1.205633803,NA,0.738028169,0.405633803,NA,0.614084507,4,NA,0.152112676,NA,0.985915493,0.749295775,1.515492958,NA,0.21971831,NA,0.704225352,1.870422535,NA
2021-05-12-5-PX-5,5-PX-5,2021,12/05/2021,May,spring,PX,PX5,sediment,14,relative,NA,0.32,NA,0.86,17.59,1.11,12.06,30.57,0.41,NA,NA,0.24,NA,0.26,NA,NA,0.47,0.2,0.71,NA,NA,0.52,0.17,NA,0.15,1.1,1.43,NA,0.55,0.14,0.38,NA,0.67,0.16,0.81,0.26,0.21,NA,0.97,0.58,0.29,NA,NA,2.24,1.17,2.63,NA,NA,4.39,NA,NA,0.73,NA,NA,NA,2.32,NA,1.23,1.86,NA,0.82,NA,0.92,NA,NA,1.37,NA,2.51,NA,0.45,NA,1.22,2.94,NA
2021-05-12-5-PX-5,5-PX-5,2021,12/05/2021,May,spring,PX,PX5,sediment,14,absolute,NA,0.104677789,NA,0.281321557,5.754007197,0.363101079,3.945044161,10,0.134118417,NA,NA,7.85E-02,NA,8.51E-02,NA,NA,0.153745502,6.54E-02,0.232253844,NA,NA,0.170101407,5.56E-02,NA,4.91E-02,0.359829899,0.467778868,NA,0.179914949,4.58E-02,0.124304874,NA,0.21916912,5.23E-02,0.264965653,8.51E-02,6.87E-02,NA,0.317304547,0.189728492,9.49E-02,NA,NA,0.732744521,0.382728165,0.860320576,NA,NA,1.436048413,NA,NA,0.238796205,NA,NA,NA,0.758913968,NA,0.40235525,0.608439647,NA,0.268236833,NA,0.300948642,NA,NA,0.448151783,NA,0.821066405,NA,0.14720314,NA,0.399084069,0.961727184,NA
2021-05-12-5-PX-6,5-PX-6,2021,12/05/2021,May,spring,PX,PX6,sediment,15,relative,NA,0.15,NA,1.18,11.65,1.21,8.83,34.91,0.42,NA,NA,NA,NA,0.22,NA,NA,0.48,0.31,0.44,NA,0.49,0.41,NA,NA,NA,1.4,1.64,0.24,0.74,NA,0.38,NA,0.47,NA,0.95,0.34,NA,NA,0.98,0.84,0.3,0.37,NA,2.41,1.35,3.04,NA,NA,4.95,NA,NA,1.06,NA,NA,0.43,2.81,0.77,1.55,NA,NA,1.03,NA,0.82,NA,NA,1.42,NA,3.52,NA,0.43,NA,1.28,3.78,NA
2021-05-12-5-PX-6,5-PX-6,2021,12/05/2021,May,spring,PX,PX6,sediment,15,absolute,NA,4.30E-02,NA,0.338012031,3.337152678,0.346605557,2.529361215,10,0.120309367,NA,NA,NA,NA,6.30E-02,NA,NA,0.137496419,8.88E-02,0.126038384,NA,0.140360928,0.117444858,NA,NA,NA,0.401031223,0.469779433,6.87E-02,0.211973647,NA,0.108851332,NA,0.134631911,NA,0.27212833,9.74E-02,NA,NA,0.280721856,0.240618734,8.59E-02,0.105986823,NA,0.690346606,0.386708679,0.870810656,NA,NA,1.417931825,NA,NA,0.303637926,NA,NA,0.123173876,0.804926955,0.220567173,0.443998854,NA,NA,0.2950444,NA,0.234889716,NA,NA,0.406760241,NA,1.008307075,NA,0.123173876,NA,0.366657118,1.082784302,NA
2021-05-13-5-PX-4,5-PX-4,2021,13/05/2021,May,spring,PX,PX4,sediment,16,relative,NA,0.14,NA,1.34,21.48,1.09,10.47,15.16,0.32,NA,NA,0.2,NA,0.14,NA,NA,0.19,0.18,0.3,NA,0.39,0.54,NA,0.17,NA,1.75,2.05,0.65,0.65,NA,0.45,NA,0.37,0.09,0.9,0.27,0.22,NA,0.79,1.08,0.24,NA,NA,2.15,1.79,2.54,NA,NA,3.32,NA,NA,0.89,NA,NA,NA,0.99,0.62,2.1,NA,NA,1.15,NA,0.52,NA,0.4,1.02,NA,5.98,NA,0.65,NA,0.89,4.52,8.86
2021-05-13-5-PX-4,5-PX-4,2021,13/05/2021,May,spring,PX,PX4,sediment,16,absolute,NA,9.23E-02,NA,0.883905013,14.16886544,0.718997361,6.906332454,10,0.211081794,NA,NA,0.131926121,NA,9.23E-02,NA,NA,0.125329815,0.118733509,0.197889182,NA,0.257255937,0.356200528,NA,0.112137203,NA,1.154353562,1.352242744,0.428759894,0.428759894,NA,0.296833773,NA,0.244063325,5.94E-02,0.593667546,0.178100264,0.145118734,NA,0.521108179,0.712401055,0.158311346,NA,NA,1.418205805,1.180738786,1.675461741,NA,NA,2.189973615,NA,NA,0.58707124,NA,NA,NA,0.653034301,0.408970976,1.385224274,NA,NA,0.758575198,NA,0.343007916,NA,0.263852243,0.672823219,NA,3.944591029,NA,0.428759894,NA,0.58707124,2.981530343,5.844327177
2021-05-13-5-PX-5,5-PX-5,2021,13/05/2021,May,spring,PX,PX5,sediment,17,relative,NA,0.23,NA,1.91,13.59,1.07,5.74,19.21,0.51,NA,NA,0.27,NA,NA,NA,NA,0.2,0.19,0.53,NA,NA,0.66,0.18,NA,NA,1.71,2.23,2.93,0.73,NA,0.46,NA,0.4,NA,0.98,NA,NA,NA,0.85,1.99,0.25,NA,1.72,2.23,2.23,2.67,NA,NA,3.78,NA,NA,0.95,NA,NA,0.35,0.92,NA,2.59,0.69,NA,1.23,NA,0.56,NA,NA,1.02,NA,6,NA,1.02,NA,0.95,4.72,9.54
2021-05-13-5-PX-5,5-PX-5,2021,13/05/2021,May,spring,PX,PX5,sediment,17,absolute,NA,0.119729308,NA,0.994273816,7.074440396,0.557001562,2.988027069,10,0.265486726,NA,NA,0.140551796,NA,NA,NA,NA,0.104112441,9.89E-02,0.27589797,NA,NA,0.343571057,9.37E-02,NA,NA,0.890161374,1.160853722,1.525247267,0.380010411,NA,0.239458615,NA,0.208224883,NA,0.510150963,NA,NA,NA,0.442477876,1.035918792,0.130140552,NA,0.895366996,1.160853722,1.160853722,1.389901093,NA,NA,1.967725143,NA,NA,0.494534097,NA,NA,0.182196773,0.478917231,NA,1.348256117,0.359187923,NA,0.640291515,NA,0.291514836,NA,NA,0.530973451,NA,3.123373243,NA,0.530973451,NA,0.494534097,2.457053618,4.966163457
2021-05-13-5-PX-6,5-PX-6,2021,13/05/2021,May,spring,PX,PX6,sediment,18,relative,NA,0.14,NA,1.58,12.1,0.84,5.04,17.28,0.28,NA,NA,0.16,NA,NA,NA,0.16,0.36,0.16,0.38,NA,NA,0.83,NA,0.23,NA,2.24,3.01,0.61,0.96,NA,0.32,NA,0.49,NA,1.11,0.18,0.06,NA,0.81,2.34,0.27,0.89,NA,1.72,2.46,2.46,NA,NA,2.92,NA,NA,1.08,NA,0.21,0.2,1.92,0.82,3.25,NA,NA,1.19,3.89,0.58,0.13,0.38,1.43,NA,8.22,1.21,NA,NA,0.66,6,6.4
2021-05-13-5-PX-6,5-PX-6,2021,13/05/2021,May,spring,PX,PX6,sediment,18,absolute,NA,8.10E-02,NA,0.914351852,7.002314815,0.486111111,2.916666667,10,0.162037037,NA,NA,9.26E-02,NA,NA,NA,9.26E-02,0.208333333,9.26E-02,0.219907407,NA,NA,0.480324074,NA,0.133101852,NA,1.296296296,1.741898148,0.353009259,0.555555556,NA,0.185185185,NA,0.283564815,NA,0.642361111,0.104166667,3.47E-02,NA,0.46875,1.354166667,0.15625,0.515046296,NA,0.99537037,1.423611111,1.423611111,NA,NA,1.689814815,NA,NA,0.625,NA,0.121527778,0.115740741,1.111111111,0.474537037,1.880787037,NA,NA,0.688657407,2.251157407,0.335648148,7.52E-02,0.219907407,0.827546296,NA,4.756944444,0.700231481,NA,NA,0.381944444,3.472222222,3.703703704
2021-05-14-5-PX-4,5-PX-4,2021,14/05/2021,May,spring,PX,PX4,sediment,19,relative,NA,NA,NA,0.97,20.04,1.14,11.41,13.28,0.43,NA,NA,NA,NA,0.17,NA,NA,0.28,0.16,0.62,NA,0.51,0.5,0.15,NA,NA,1.67,2.03,1.3,0.77,NA,0.62,NA,0.34,NA,0.98,0.24,NA,NA,1.03,1.11,0.33,NA,NA,2.23,2.12,2.82,NA,NA,4.03,NA,NA,1.04,NA,NA,0.39,1.13,NA,1.95,NA,NA,1.19,NA,0.73,NA,0.47,0.79,NA,5.08,NA,0.6,NA,1.1,4.6,9.69
2021-05-14-5-PX-4,5-PX-4,2021,14/05/2021,May,spring,PX,PX4,sediment,19,absolute,NA,NA,NA,0.730421687,15.09036145,0.858433735,8.59186747,10,0.323795181,NA,NA,NA,NA,0.128012048,NA,NA,0.210843373,0.120481928,0.46686747,NA,0.384036145,0.376506024,0.112951807,NA,NA,1.25753012,1.528614458,0.978915663,0.579819277,NA,0.46686747,NA,0.256024096,NA,0.737951807,0.180722892,NA,NA,0.77560241,0.835843373,0.248493976,NA,NA,1.679216867,1.596385542,2.123493976,NA,NA,3.034638554,NA,NA,0.78313253,NA,NA,0.293674699,0.850903614,NA,1.468373494,NA,NA,0.896084337,NA,0.549698795,NA,0.353915663,0.594879518,NA,3.825301205,NA,0.451807229,NA,0.828313253,3.463855422,7.296686747
2021-05-14-5-PX-5,5-PX-5,2021,14/05/2021,May,spring,PX,PX5,sediment,20,relative,NA,0.11,NA,1.49,20.25,0.95,11.49,18.42,0.27,NA,NA,NA,NA,0.14,NA,NA,0.41,0.12,0.44,NA,0.5,0.53,0.12,NA,0.27,1.48,1.81,0.88,0.72,NA,0.37,NA,0.39,0.09,0.96,0.21,NA,NA,0.75,1.21,0.22,NA,NA,1.83,1.4,2.32,NA,NA,3.66,NA,NA,0.9,NA,NA,0.29,0.92,0.33,2.1,1.14,NA,0.8,NA,0.55,NA,NA,0.85,NA,5.82,NA,NA,NA,0.84,4.32,7.35
2021-05-14-5-PX-5,5-PX-5,2021,14/05/2021,May,spring,PX,PX5,sediment,20,absolute,NA,5.97E-02,NA,0.808903366,10.99348534,0.515743757,6.237785016,10,0.146579805,NA,NA,NA,NA,7.60E-02,NA,NA,0.222584148,6.51E-02,0.238870793,NA,0.271444083,0.287730727,6.51E-02,NA,0.146579805,0.803474484,0.982627579,0.477741585,0.390879479,NA,0.200868621,NA,0.211726384,4.89E-02,0.521172638,0.114006515,NA,NA,0.407166124,0.65689468,0.119435396,NA,NA,0.993485342,0.760043431,1.259500543,NA,NA,1.986970684,NA,NA,0.488599349,NA,NA,0.157437568,0.499457112,0.179153094,1.140065147,0.618892508,NA,0.434310532,NA,0.298588491,NA,NA,0.46145494,NA,3.159609121,NA,NA,NA,0.456026059,2.345276873,3.990228013
2021-05-14-5-PX-6,5-PX-6,2021,14/05/2021,May,spring,PX,PX6,sediment,21,relative,NA,0.35,NA,1.23,17.97,1.34,10.03,8.02,0.34,NA,0.25,NA,NA,0.28,NA,NA,0.3,0.28,0.45,NA,0.5,0.73,NA,NA,NA,1.67,2.42,2.23,0.91,NA,1.06,0.27,0.34,NA,0.96,0.35,NA,NA,1.06,1.71,0.32,0.74,NA,2.74,2.04,3.47,NA,NA,4.92,NA,NA,1.18,NA,NA,0.34,1.56,NA,2.65,NA,NA,1.11,NA,0.96,NA,0.46,1.28,NA,4.72,NA,NA,NA,1.01,5.03,10.45
2021-05-14-5-PX-6,5-PX-6,2021,14/05/2021,May,spring,PX,PX6,sediment,21,absolute,NA,0.436408978,NA,1.533665835,22.40648379,1.670822943,12.50623441,10,0.42394015,NA,0.311720698,NA,NA,0.349127182,NA,NA,0.374064838,0.349127182,0.561097257,NA,0.623441397,0.910224439,NA,NA,NA,2.082294264,3.017456359,2.780548628,1.134663342,NA,1.321695761,0.336658354,0.42394015,NA,1.197007481,0.436408978,NA,NA,1.321695761,2.132169576,0.399002494,0.922693267,NA,3.416458853,2.543640898,4.326683292,NA,NA,6.134663342,NA,NA,1.471321696,NA,NA,0.42394015,1.945137157,NA,3.304239401,NA,NA,1.3840399,NA,1.197007481,NA,0.573566085,1.596009975,NA,5.885286783,NA,NA,NA,1.259351621,6.271820449,13.02992519
2021-05-16-5-PX-4,5-PX-4,2021,16/05/2021,May,spring,PX,PX4,sediment,22,relative,NA,NA,NA,0.79,16.28,1.32,11.94,12.76,0.4,NA,0.13,NA,NA,NA,NA,NA,0.19,0.14,0.41,NA,0.45,0.5,NA,NA,0.36,1.42,1.67,1.46,0.65,NA,0.63,NA,0.46,NA,0.86,0.4,NA,NA,0.86,0.87,0.27,NA,NA,2.98,1.84,3.61,NA,NA,5.02,NA,NA,1.47,NA,NA,0.71,2.3,NA,1.61,1.04,NA,1.31,9.2,NA,NA,0.39,1.35,1.34,4.11,NA,0.69,NA,1.44,4.36,NA
2021-05-16-5-PX-4,5-PX-4,2021,16/05/2021,May,spring,PX,PX4,sediment,22,absolute,NA,NA,NA,0.619122257,12.75862069,1.034482759,9.357366771,10,0.313479624,NA,0.101880878,NA,NA,NA,NA,NA,0.148902821,0.109717868,0.321316614,NA,0.352664577,0.39184953,NA,NA,0.282131661,1.112852665,1.308777429,1.144200627,0.509404389,NA,0.493730408,NA,0.360501567,NA,0.673981191,0.313479624,NA,NA,0.673981191,0.681818182,0.211598746,NA,NA,2.335423197,1.44200627,2.829153605,NA,NA,3.934169279,NA,NA,1.152037618,NA,NA,0.556426332,1.802507837,NA,1.261755486,0.815047022,NA,1.026645768,7.210031348,NA,NA,0.305642633,1.05799373,1.05015674,3.221003135,NA,0.540752351,NA,1.128526646,3.4169279,NA
2021-05-16-5-PX-5,5-PX-5,2021,16/05/2021,May,spring,PX,PX5,sediment,23,relative,0.13,0.18,NA,1.28,18.51,1.39,13.88,14.11,0.38,NA,0.14,NA,NA,0.18,NA,NA,0.3,0.13,0.57,NA,0.6,0.58,NA,NA,0.44,1.4,1.8,1.84,0.63,0.15,0.83,NA,0.59,NA,0.84,0.59,NA,NA,0.96,1.04,0.29,NA,NA,3.17,1.81,3.73,NA,NA,5.06,NA,NA,1.17,NA,NA,0.53,2.61,NA,2.03,2.08,NA,1.44,NA,0.97,NA,NA,1.54,NA,4.43,NA,NA,NA,1.57,4.1,NA
2021-05-16-5-PX-5,5-PX-5,2021,16/05/2021,May,spring,PX,PX5,sediment,23,absolute,9.21E-02,0.1275691,NA,0.907158044,13.11835578,0.985116938,9.836995039,10,0.269312544,NA,9.92E-02,NA,NA,0.1275691,NA,NA,0.212615167,9.21E-02,0.403968816,NA,0.425230333,0.411055989,NA,NA,0.311835578,0.992204111,1.275690999,1.304039688,0.44649185,0.106307583,0.588235294,NA,0.418143161,NA,0.595322466,0.418143161,NA,NA,0.680368533,0.737065911,0.205527994,NA,NA,2.246633593,1.282778172,2.643515237,NA,NA,3.586109142,NA,NA,0.82919915,NA,NA,0.375620128,1.849751949,NA,1.43869596,1.474131821,NA,1.020552799,NA,0.687455705,NA,NA,1.091424522,NA,3.139617293,NA,NA,NA,1.112686038,2.905740609,NA
2021-05-16-5-PX-6,5-PX-6,2021,16/05/2021,May,spring,PX,PX6,sediment,24,relative,NA,0.09,NA,1.13,22.44,0.74,14.14,13.48,0.3,NA,0.08,NA,NA,NA,NA,NA,0.13,7.00E-02,0.28,NA,0.23,0.51,NA,NA,NA,1.75,2.3,0.81,0.6,NA,0.35,NA,0.31,0.1,1,0.22,0.17,NA,0.72,1.82,0.22,0.97,NA,1.27,1.47,1.69,0.74,NA,NA,1.99,NA,0.78,NA,NA,0.11,2.85,NA,2.92,1.24,NA,0.94,NA,0.53,NA,0.45,1.32,NA,5.89,0.6,NA,NA,0.4,5.32,4.55
2021-05-16-5-PX-6,5-PX-6,2021,16/05/2021,May,spring,PX,PX6,sediment,24,absolute,NA,6.68E-02,NA,0.838278932,16.64688427,0.548961424,10.48961424,10,0.222551929,NA,5.93E-02,NA,NA,NA,NA,NA,9.64E-02,5.19E-02,0.207715134,NA,0.170623145,0.378338279,NA,NA,NA,1.298219585,1.706231454,0.600890208,0.445103858,NA,0.259643917,NA,0.229970326,7.42E-02,0.741839763,0.163204748,0.12611276,NA,0.534124629,1.350148368,0.163204748,0.71958457,NA,0.942136499,1.090504451,1.253709199,0.548961424,NA,NA,1.476261128,NA,0.578635015,NA,NA,8.16E-02,2.114243323,NA,2.166172107,0.919881306,NA,0.697329377,NA,0.393175074,NA,0.333827893,0.979228487,NA,4.369436202,0.445103858,NA,NA,0.296735905,3.946587537,3.37537092
2021-05-20-5-MD-2,5-MD-2,2021,20/05/2021,May,spring,MD,MD2,sediment,28,relative,NA,0.15,NA,0.69,21.17,1.26,14.83,15.97,0.38,NA,0.12,NA,NA,0.17,NA,NA,0.25,0.15,0.45,NA,0.47,0.33,NA,NA,0.11,0.98,0.91,7.00E-02,0.48,0.13,0.33,NA,0.35,0.09,0.54,0.46,NA,NA,0.68,0.39,0.22,0.33,NA,2.73,1.27,3.16,NA,NA,5.17,NA,NA,1.1,NA,NA,0.56,1.53,NA,0.61,1.45,NA,0.87,10.89,NA,NA,NA,1.04,1.54,1.22,NA,0.25,NA,1.43,2.72,NA
2021-05-20-5-MD-2,5-MD-2,2021,20/05/2021,May,spring,MD,MD2,sediment,28,absolute,NA,9.39E-02,NA,0.432060113,13.2561052,0.788979336,9.286161553,10,0.237946149,NA,7.51E-02,NA,NA,0.106449593,NA,NA,0.156543519,9.39E-02,0.281778334,NA,0.294301816,0.206637445,NA,NA,6.89E-02,0.613650595,0.56981841,4.38E-02,0.300563557,8.14E-02,0.206637445,NA,0.219160927,5.64E-02,0.338134001,0.288040075,NA,NA,0.425798372,0.24420789,0.137758297,0.206637445,NA,1.709455229,0.795241077,1.978710081,NA,NA,3.237319975,NA,NA,0.688791484,NA,NA,0.350657483,0.958046337,NA,0.381966187,0.907952411,NA,0.544771446,6.819035692,NA,NA,NA,0.651221039,0.964308078,0.763932373,NA,0.156543519,NA,0.895428929,1.703193488,NA
2021-05-20-5-MD-3,5-MD-3,2021,20/05/2021,May,spring,MD,MD3,sediment,29,relative,NA,0.19,NA,1.54,17.82,1.01,12.65,15.22,0.45,NA,0.11,NA,NA,0.18,NA,NA,0.27,0.14,0.51,NA,0.47,0.66,NA,NA,0.44,1.89,2.03,1.49,0.56,0.12,0.57,NA,NA,NA,1.09,NA,0.17,NA,0.94,1.49,0.29,0.64,NA,1.91,1.33,2.43,NA,NA,3.23,NA,NA,0.89,NA,NA,0.3,2.2,NA,2.09,NA,NA,1.16,NA,0.73,NA,NA,1.56,NA,5.12,NA,0.69,NA,0.85,4.92,7.66
2021-05-20-5-MD-3,5-MD-3,2021,20/05/2021,May,spring,MD,MD3,sediment,29,absolute,NA,0.124835742,NA,1.011826544,11.70827858,0.663600526,8.311432326,10,0.295663601,NA,7.23E-02,NA,NA,0.11826544,NA,NA,0.17739816,9.20E-02,0.335085414,NA,0.308804205,0.433639947,NA,NA,0.289093298,1.241787122,1.333771353,0.978975033,0.367936925,7.88E-02,0.374507227,NA,NA,NA,0.716162943,NA,0.111695138,NA,0.61760841,0.978975033,0.190538765,0.420499343,NA,1.254927727,0.873850197,1.596583443,NA,NA,2.122207622,NA,NA,0.584756899,NA,NA,0.197109067,1.445466491,NA,1.373193167,NA,NA,0.762155059,NA,0.479632063,NA,NA,1.024967148,NA,3.363994744,NA,0.453350854,NA,0.55847569,3.232588699,5.032851511
2021-05-20-5-MD-4,5-MD-4,2021,20/05/2021,May,spring,MD,MD4,sediment,30,relative,NA,0.17,NA,1.2,27.73,1.23,17.58,13.11,0.31,NA,0.09,NA,NA,0.13,NA,NA,0.31,0.06,0.34,NA,0.42,0.43,NA,NA,0.2,1.48,1.34,0.84,0.39,0.13,0.37,NA,0.35,0.09,0.79,0.47,0.43,NA,0.6,0.89,0.17,0.64,NA,2.47,1.48,2.95,NA,NA,4.18,NA,NA,1.19,NA,NA,0.5,1.55,NA,1.83,1.46,NA,1,NA,0.57,NA,NA,1.45,NA,2.74,NA,NA,NA,0.98,3.36,NA
2021-05-20-5-MD-4,5-MD-4,2021,20/05/2021,May,spring,MD,MD4,sediment,30,absolute,NA,0.129672006,NA,0.915331808,21.15179252,0.938215103,13.40961098,10,0.236460717,NA,6.86E-02,NA,NA,9.92E-02,NA,NA,0.236460717,4.58E-02,0.259344012,NA,0.320366133,0.327993898,NA,NA,0.152555301,1.12890923,1.022120519,0.640732265,0.297482838,9.92E-02,0.282227307,NA,0.266971777,6.86E-02,0.60259344,0.358504958,0.327993898,NA,0.457665904,0.678871091,0.129672006,0.488176964,NA,1.884057971,1.12890923,2.250190694,NA,NA,3.188405797,NA,NA,0.907704043,NA,NA,0.381388253,1.182303585,NA,1.395881007,1.113653699,NA,0.762776506,NA,0.434782609,NA,NA,1.106025934,NA,2.090007628,NA,NA,NA,0.747520976,2.562929062,NA
2021-09-03-9-PX-4,9-PX-4,2021,3/09/2021,September,summer,PX,PX4,sediment,31,relative,NA,0.1,NA,1.72,21.48,0.8,10.78,11.8,0.29,NA,0.12,0.15,NA,NA,NA,NA,0.24,0.14,0.37,NA,0.43,0.89,NA,0.18,NA,2.38,2.84,0.55,0.62,NA,0.3,NA,0.45,NA,1.38,0.1,NA,NA,0.62,1.89,0.19,NA,NA,1.52,1.5,1.99,NA,NA,2.32,NA,NA,0.93,NA,NA,0.2,1.39,0.81,2.6,NA,NA,1.14,NA,0.55,0.16,0.41,1.34,NA,7.33,NA,1.36,NA,0.6,6.73,6.3
2021-09-03-9-PX-4,9-PX-4,2021,3/09/2021,September,summer,PX,PX4,sediment,31,absolute,NA,8.47E-02,NA,1.457627119,18.20338983,0.677966102,9.13559322,10,0.245762712,NA,0.101694915,0.127118644,NA,NA,NA,NA,0.203389831,0.118644068,0.313559322,NA,0.36440678,0.754237288,NA,0.152542373,NA,2.016949153,2.406779661,0.466101695,0.525423729,NA,0.254237288,NA,0.381355932,NA,1.169491525,8.47E-02,NA,NA,0.525423729,1.601694915,0.161016949,NA,NA,1.288135593,1.271186441,1.686440678,NA,NA,1.966101695,NA,NA,0.788135593,NA,NA,0.169491525,1.177966102,0.686440678,2.203389831,NA,NA,0.966101695,NA,0.466101695,0.13559322,0.347457627,1.13559322,NA,6.211864407,NA,1.152542373,NA,0.508474576,5.703389831,5.338983051
2021-09-03-9-PX-5,9-PX-5,2021,3/09/2021,September,summer,PX,PX5,sediment,32,relative,NA,0.15,7.00E-02,1.42,19.89,0.79,9.67,7.18,0.31,NA,0.09,NA,NA,0.15,NA,NA,0.26,0.12,0.28,NA,0.35,0.76,NA,0.15,NA,2.51,3.32,0.89,0.58,NA,0.43,NA,0.28,0.06,1.58,0.12,0.17,NA,0.54,1.96,0.16,0.86,NA,1.49,1.94,1.76,0.5,0.42,1.75,NA,NA,0.92,0.76,NA,0.14,2.01,1.19,3.33,1.16,0.52,1.4,NA,0.41,NA,0.61,1.15,0.78,6.3,1.05,2.14,NA,0.41,7.77,5.01
2021-09-03-9-PX-5,9-PX-5,2021,3/09/2021,September,summer,PX,PX5,sediment,32,absolute,NA,0.208913649,9.75E-02,1.977715877,27.70194986,1.100278552,13.46796657,10,0.431754875,NA,0.125348189,NA,NA,0.208913649,NA,NA,0.362116992,0.167130919,0.389972145,NA,0.487465181,1.058495822,NA,0.208913649,NA,3.495821727,4.623955432,1.239554318,0.807799443,NA,0.598885794,NA,0.389972145,8.36E-02,2.200557103,0.167130919,0.236768802,NA,0.752089136,2.729805014,0.222841226,1.197771588,NA,2.075208914,2.701949861,2.451253482,0.69637883,0.584958217,2.437325905,NA,NA,1.281337047,1.058495822,NA,0.194986072,2.799442897,1.657381616,4.637883008,1.615598886,0.724233983,1.949860724,NA,0.571030641,NA,0.849582173,1.601671309,1.086350975,8.774373259,1.462395543,2.980501393,NA,0.571030641,10.82172702,6.977715877
2021-09-03-9-PX-6,9-PX-6,2021,3/09/2021,September,summer,PX,PX6,sediment,33,relative,NA,0.11,NA,1.17,22.66,0.9,13.35,12.96,0.41,NA,NA,0.14,NA,0.13,NA,NA,0.27,0.11,0.35,NA,0.4,0.52,NA,0.18,NA,1.52,2.02,0.95,0.52,NA,0.48,NA,0.33,NA,0.91,0.32,NA,NA,0.61,1.04,0.19,0.47,NA,2.17,1.25,2.5,NA,NA,NA,3.18,NA,0.9,NA,NA,0.54,1.48,0.56,2.07,NA,NA,1.31,NA,0.63,0.15,NA,0.83,NA,3.71,NA,1.11,NA,1.02,4.25,9.32
2021-09-03-9-PX-6,9-PX-6,2021,3/09/2021,September,summer,PX,PX6,sediment,33,absolute,NA,8.49E-02,NA,0.902777778,17.4845679,0.694444444,10.30092593,10,0.316358025,NA,NA,0.108024691,NA,0.100308642,NA,NA,0.208333333,8.49E-02,0.270061728,NA,0.308641975,0.401234568,NA,0.138888889,NA,1.172839506,1.558641975,0.733024691,0.401234568,NA,0.37037037,NA,0.25462963,NA,0.702160494,0.24691358,NA,NA,0.470679012,0.802469136,0.146604938,0.362654321,NA,1.674382716,0.964506173,1.929012346,NA,NA,NA,2.453703704,NA,0.694444444,NA,NA,0.416666667,1.141975309,0.432098765,1.597222222,NA,NA,1.010802469,NA,0.486111111,0.115740741,NA,0.640432099,NA,2.862654321,NA,0.856481481,NA,0.787037037,3.279320988,7.191358025
2021-09-04-9-MD-2,9-MD-2,2021,4/09/2021,September,summer,MD,MD2,sediment,34,relative,NA,0.2,NA,1.71,21.29,1.16,12.53,11.58,0.48,NA,0.11,NA,NA,0.23,NA,NA,0.51,0.13,0.48,NA,0.66,0.62,7.00E-02,NA,NA,1.95,2.05,1.28,0.48,0.12,0.74,NA,0.54,0.11,1.13,0.25,NA,NA,0.81,1.08,0.24,0.58,NA,2.61,1.17,2.64,NA,NA,3.88,NA,NA,0.73,NA,NA,0.4,2.09,NA,1.89,1.27,NA,1.24,NA,0.77,NA,NA,1.09,NA,2.98,NA,0.77,NA,1.09,3.46,8.81
2021-09-04-9-MD-2,9-MD-2,2021,4/09/2021,September,summer,MD,MD2,sediment,34,absolute,NA,0.172711572,NA,1.476683938,18.3851468,1.001727116,10.82037997,10,0.414507772,NA,9.50E-02,NA,NA,0.198618307,NA,NA,0.440414508,0.112262522,0.414507772,NA,0.569948187,0.535405872,6.04E-02,NA,NA,1.683937824,1.77029361,1.105354059,0.414507772,0.103626943,0.639032815,NA,0.466321244,9.50E-02,0.97582038,0.215889465,NA,NA,0.699481865,0.932642487,0.207253886,0.500863558,NA,2.25388601,1.010362694,2.279792746,NA,NA,3.350604491,NA,NA,0.630397237,NA,NA,0.345423143,1.804835924,NA,1.632124352,1.09671848,NA,1.070811744,NA,0.664939551,0,NA,0.941278066,NA,2.573402418,NA,0.664939551,NA,0.941278066,2.98791019,7.607944732
2021-09-04-9-MD-3,9-MD-3,2021,4/09/2021,September,summer,MD,MD3,sediment,35,relative,NA,0.13,7.00E-02,1.77,16.62,1.09,5.84,8.67,0.32,NA,NA,NA,NA,0.24,NA,0.13,0.66,0.09,NA,7.00E-02,0.77,0.95,NA,0.27,NA,3.3,3.68,1.02,0.73,NA,0.56,NA,0.41,0.22,2.06,0.26,NA,NA,0.82,2.19,0.3,NA,NA,1.95,1.28,2.43,0.61,NA,NA,2.63,1.13,1.15,1.43,NA,0.2,1.27,0.98,3.39,NA,NA,1.26,NA,0.42,0.16,0.45,0.92,NA,7.46,1.31,2.52,NA,0.85,7.08,5.88
2021-09-04-9-MD-3,9-MD-3,2021,4/09/2021,September,summer,MD,MD3,sediment,35,absolute,NA,0.14994233,8.07E-02,2.041522491,19.16955017,1.257208766,6.735870819,10,0.369088812,NA,NA,NA,NA,0.276816609,NA,0.14994233,0.761245675,0.103806228,NA,8.07E-02,0.888119954,1.095732411,NA,0.311418685,NA,3.806228374,4.244521338,1.176470588,0.841983852,NA,0.645905421,NA,0.47289504,0.253748558,2.376009227,0.29988466,NA,NA,0.945790081,2.525951557,0.346020761,NA,NA,2.249134948,1.476355248,2.802768166,0.703575548,NA,NA,3.033448674,1.303344867,1.326412918,1.649365629,NA,0.230680507,1.464821223,1.130334487,3.910034602,NA,NA,1.453287197,NA,0.484429066,0.184544406,0.519031142,1.061130334,NA,8.60438293,1.510957324,2.906574394,NA,0.980392157,8.166089965,6.78200692
